method,struct_valid,comp_valid,cov_recall,cov_precision,wdist_density,wdist_num_elems,valid,comp_div,struct_div,amsd_recall,amsd_precision,amcd_recall,amcd_precision,struc_novelty,comp_novelty,novelty
Train,1.0,0.9113,1.0,1.0,0.051,0.016,,,,,,,,,,
FTCP,0.0155,0.4837,0.047,0.0009,23.71,0.736,,,,,,,,,,
GSchNet,0.9965,0.7596,0.3833,0.9957,3.034,0.641,,,,,,,,,,
PGSchNet,0.7751,0.764,0.4193,0.9974,4.04,0.623,,,,,,,,,,
CDVAE,1.0,0.867,0.9915,0.9949,0.688,1.432,,,,,,,,,,
LM-CH,0.8481,0.8355,0.9925,0.9789,0.864,0.132,,,,,,,,,,
LM-AC,0.9581,0.8887,0.996,0.9855,0.696,0.092,,,,,,,,,,
exp/1b-test-run/checkpoint-10000,0.8,0.95,0.0999149143065516,1.0,1.1220049487975703,0.6820325742501289,0.75,19.77611406390083,1.070379666499193,0.5290343481543168,0.1892543101975744,10.481596689070477,2.4616535112671176,0.7333333333333333,0.4,0.8
