method,struct_valid,comp_valid,cov_recall,cov_precision,wdist_density,wdist_num_elems,valid,comp_div,struct_div,amsd_recall,amsd_precision,amcd_recall,amcd_precision,struc_novelty,comp_novelty,novelty
Train,1.0,0.9113,1.0,1.0,0.051,0.016,,,,,,,,,,
FTCP,0.0155,0.4837,0.047,0.0009,23.71,0.736,,,,,,,,,,
GSchNet,0.9965,0.7596,0.3833,0.9957,3.034,0.641,,,,,,,,,,
PGSchNet,0.7751,0.764,0.4193,0.9974,4.04,0.623,,,,,,,,,,
CDVAE,1.0,0.867,0.9915,0.9949,0.688,1.432,,,,,,,,,,
LM-CH,0.8481,0.8355,0.9925,0.9789,0.864,0.132,,,,,,,,,,
LM-AC,0.9581,0.8887,0.996,0.9855,0.696,0.092,,,,,,,,,,
exp/7b-test-run/checkpoint-4000,0.65,0.85,0.05092986507840039,1.0,7.639338604655265,0.6153659075834622,0.5,16.526099531627555,0.661528857463944,0.6421227016712651,0.1610824137219364,10.898510599861199,3.327161828815055,0.8,0.5,0.9
